FORMATION_DIPLOME;NIVEAU_FORMATION_DIPLOME;N_NIVEAU_FORMATION_DIPLOME.LIBELLE_100;GROUPE_SPECIALITE;N_GROUPE_SPECIALITE.LIBELLE_LONG;LETTRE_SPECIALITE;N_LETTRE_SPECIALITE.LIBELLE_LONG;ANCIEN_RECME;LIBELLE_COURT;LIBELLE_STAT_33;LIBELLE_LONG_200;DATE_OUVERTURE;DATE_FERMETURE;UNITE_CAPITALISABLE;DATE_PREMIERE_SESSION;DATE_DERNIERE_SESSION;DATE_ARRETE_CREATION;DATE_ARRETE_ABROGATION;DATE_ARRETE_MODIFICATION_1;DATE_ARRETE_MODIFICATION_2;DATE_ARRETE_MODIFICATION_3;DATE_ARRETE_MODIFICATION_4;DATE_ARRETE_MODIFICATION_5;DATE_ARRETE_MODIFICATION_6;DATE_ARRETE_MODIFICATION_7;DATE_ARRETE_MODIFICATION_8;DATE_ARRETE_MODIFICATION_9;DATE_ARRETE_MODIFICATION_10;COMMENTAIRE;NATURE_FORMATION_DIPLOME;N_NATURE_FORMATION_DIPLOME.LIBELLE_100;GESTIONNAIRE_FORMATION_DIPLOME;DATE_INTERVENTION;ID_DOCUMENT;CITE_DOMAINE_FORMATION;N_CITE_DOMAINE_FORMATION.LIBELLE_EDITION;DIPLOME_SISE;N_DIPLOME_SISE.LIBELLE_INTITULE_1;HABILITATION_ORIGINE;NUMERO_UAI;N_COMMENTAIRE;CITE_DOMAINE_DETAILLE;N_CITE_2013_DOMAINE_DETAILL.LIBELLE_EDITION;NIVEAU_QUALIFICATION_RNCP;N_NIVEAU_QUALIFICATION_RNCP.LIBELLE_LONG
1703430A;170;INGENIEURS RECONNUS (RCT..), NFI , ALTERNANCE;343;NETTOYAGE, ASSAIN., PROTECTION ENVIRONMT;M;AUTRE/NON INDIQUE (DOMAINE TECHNICO-PRO);;ING;EN HYGIENE INDUSTRIEL ET ENVIRONM;INGENIEUR EN HYGIENE INDUSTRIELLE ET ENVIRONNEMENT, DIPLOME DU CONSERVATOIRE NATIONAL DES ARTS ET METIERS CNAM (ING);01/09/1998;31/08/2001;;;;;;22/02/2001;;;;;;;;;;ferm� suite � Ar 22/02/2001 Controler libell� ferm� suite � Ar 22/02/2001;1;DIPLOME NATIONAL / DIPLOME D'ETAT;SPN;06/01/2021;;850;Protection de l'environnement;;;;0753471R;;;;07;NIVEAU 7
13533519;135;MASTER PROFESSIONNEL;335;ANIMATION CULTUREL.,SPORTIV.& DE LOISIRS;M;AUTRE/NON INDIQUE (DOMAINE TECHNICO-PRO);;MASTER PRO;STAPS:MANAGEMENT DU SPORT;STAPS:MANAGEMENT DU SPORT (MASTER ORLEANS);01/09/2018;31/08/2023;;;;;;;;;;;;;;;;demande region;1;DIPLOME NATIONAL / DIPLOME D'ETAT;DEPPA1;10/12/2020;;813;Sports;2500202;STAPS:MANAGEMENT DU SPORT;2019;0450855K;;1014;Sports;07;NIVEAU 7
2502001U;250;LICENCE PROFESSIONNELLE;200;TECHNOLOGIES INDUSTRIELLES FONDAMENTALES;R;CONTROLE PREVENTION ENTRETIEN;;LIC-PRO;QUALIT HYG SECURIT SANTE ENVIRONT;QUALITE, HYGIENE, SECURITE, SANTE, ENVIRONNEMENT (LP);01/09/2019;;;;;;;;;;;;;;;;;rncp 30098;1;DIPLOME NATIONAL / DIPLOME D'ETAT;DEPPA1;10/12/2020;;500;INGENIERIE, INDUSTRIE DE TRANSFORMATION ET DE PRODUCTION;2400163;QUALITE, HYGIENE, SECURITE, SANTE, ENVIRONNEMENT;;;;0700;Ing�nierie, industries de transformation et construction;06;NIVEAU 6
46010001;460;AUTRES DIPLOMES DE NIVEAU IV;100;FORMATIONS GENERALES;M;AUTRE/NON INDIQUE (DOMAINE TECHNICO-PRO);;DAEU;DAEU;DIPLOME D'ACCES AUX ETUDES UNIVERSITAIRES (DAEU);01/09/2019;;;;;03/08/1994;;;;;;;;;;;;rncp 28217 2 codes Sise pour A et B pris le premier;1;DIPLOME NATIONAL / DIPLOME D'ETAT;DEPPA1;10/12/2020;;;;8000027;DIPLOME D'ACCES AUX ETUDES UNIVERSITAIRES - A (DAEU - A);;;;;;04;NIVEAU 4
25034201;250;LICENCE PROFESSIONNELLE;342;PROTECTION ET DEVELOPMT DU PATRIMOINE;M;AUTRE/NON INDIQUE (DOMAINE TECHNICO-PRO);;LIC-PRO;PATRIMOINE TOURISME ENVIRONNEMENT;DEVELOPPEMENT ET PROTECTION DU PATRIMOINE CULTUREL SPE PATRIMOINE, TOURISME, ENVIRONNEMENT (LP AMIENS);01/09/2002;31/08/2018;;2003;;25/02/2003;;;;;;;;;;;;Univ Amiens 2002+2 UFR d'histoire et de g�ographie UFR de langues;1;DIPLOME NATIONAL / DIPLOME D'ETAT;DGES;10/12/2020;;812;Voyage, tourisme et loisirs;2002647;DEVELOPPEMENT ET PROTECTION DU PATRIMOINE CULTUREL;20024270;0801344B;;1015;Voyage, tourisme et loisirs;06;NIVEAU 6
25031046;250;LICENCE PROFESSIONNELLE;310;SPECIALIT.PLURIV.DES ECHANGES & GESTION;P;ORGANISATION GESTION;;LIC-PRO;MANAGEMENT DES ORGANISATIONS;MANAGEMENT ET GESTION DES ORGANISATIONS (LP PARIS 10);01/09/2010;31/08/2019;;;;;;;;;;;;;;;;demande Sifa reprise d'une code js remonte;1;DIPLOME NATIONAL / DIPLOME D'ETAT;DEPPA1;10/12/2020;;345;Gestion et administration;2400074;MANAGEMENT ET GESTION DES ORGANISATIONS;20161200;0921204J;;0413;Gestion et administration;06;NIVEAU 6
2503260U;250;LICENCE PROFESSIONNELLE;326;INFORMATIQUE, TRAITEMT DE L'INFORMATION;P;ORGANISATION GESTION;;LIC-PRO;ADM SECURIT DES SYSTM ET DES RESX;METIERS DE L'INFORMATIQUE : ADMINISTRATION ET SECURITE DES SYSTEMES ET DES RESEAUX (LP GRENOBLE ALPES);01/09/2015;31/08/2021;;;;;;;;;;;;;;;;anc hab 20090896;1;DIPLOME NATIONAL / DIPLOME D'ETAT;DEPPA1;10/12/2020;;481;Sciences informatiques;2400128;METIERS DE L'INFORMATIQUE : ADMINISTRATION ET SECURITE DES SYSTEMES ET DES RESEAUX;20160936;0383493R;;0612;Conception et administration de bases de donn�es et de r�seau;06;NIVEAU 6
1702010P;170;INGENIEURS RECONNUS (RCT..), NFI , ALTERNANCE;201;TECHNO DE COMMANDE DES TRANSFO.INDUST.;M;AUTRE/NON INDIQUE (DOMAINE TECHNICO-PRO);;ING;INGENIERIE LOGICIELLE;INGENIEUR DIPLOME DE L'ECOLE NATIONALE SUPERIEURE MINES-TELECOM ATLANTIQUE BRETAGNE PAYS DE LA LOIRE DE L'INSTITUT MINES-TELECOM SPE INFORMATIQUE;01/09/2011;31/08/2026;;;;;;;;;;;;;;;;rncp 36115;1;DIPLOME NATIONAL / DIPLOME D'ETAT;DEPPA1;02/09/2022;;523;Electronique et automatisation;6000280;INGENIEUR DIPLOME DE L'ECOLE NATIONALE SUPERIEURE DES TECHNIQUES INDUSTRIELLES ET DES MINES DE NANTES;;0442205H;;0714;�lectronique et automatisation;07;NIVEAU 7
56X33201;56X;TH DE NIV 5 ORGANISMES GESTIONNAIRES DIVERS;332;TRAVAIL SOCIAL;M;AUTRE/NON INDIQUE (DOMAINE TECHNICO-PRO);;TH5-X;MAITRE MAISON SECT SOCIAL MEDICO;MAITRE DE MAISON EN SECTEUR SOCIAL ET MEDICO-SOCIAL (AXESS);01/09/2023;31/08/2028;;;;;27/03/2028;;;;;;;;;;;rncp 37424;2;TITRE PROFESSIONNEL HOMOLOGUE OU CERTIFIE;DEPPA1;09/02/2024;;762;Travail social et orientation;;;;;;0923;Travail social et orientation;03;NIVEAU 3
